Code,Category,A/C group,Sales office,Name,City,Search term,Status,TPC code
1,DOM-CONS,ZEXP,Sales office North,Olivia,Delhi,Olivia-Delhi,1,
2,DOM-CONS,ZEXP,Sales office North,Emma,Hyderābād,Emma-Hyderābād,1,
3,DOM-CONS,ZEXP,Sales office North,Charlotte,Kolkāta,Charlotte-Kolkāta,1,
4,DOM-CONS,ZEXP,Sales office North,Amelia,Mumbai,Amelia-Mumbai,1,
5,DOM-CONS,ZEXP,Sales office North,Sophia,Chennai,Sophia-Chennai,1,
6,DOM-CONS,ZEXP,Sales office North,Isabella,Hyderābād,Isabella-Hyderābād,1,
7,DOM-CONS,ZEXP,Sales office North,Ava,Pune,Ava-Pune,1,
8,DOM-CONS,ZEXP,Sales office North,Mia,Ahmedabad,Mia-Ahmedabad,1,
9,DOM-CONS,ZEXP,Sales office North,Evelyn,Sūrat,Evelyn-Sūrat,1,
10,DOM-CONS,ZEXP,Sales office North,Luna,Delhi,Luna-Delhi,1,
11,DOM-CUST,ZEXP,Sales office North,Harper,Hyderābād,Harper-Hyderābād,1,
12,DOM-CUST,ZEXP,Sales office North,Camila,Kolkāta,Camila-Kolkāta,1,
13,DOM-CUST,ZEXP,Sales office North,Sofia,Mumbai,Sofia-Mumbai,1,
14,DOM-CUST,ZEXP,Sales office North,Scarlett,Mumbai,Scarlett-Mumbai,1,
15,DOM-CUST,ZEXP,Sales office North,Elizabeth,Kolkāta,Elizabeth-Kolkāta,1,
16,DOM-CUST,ZEXP,Sales office North,Eleanor,Bangalore,Eleanor-Bangalore,1,
17,DOM-CUST,ZEXP,Sales office North,Emily,Chennai,Emily-Chennai,1,
18,DOM-CUST,ZEXP,Sales office North,Chloe,Hyderābād,Chloe-Hyderābād,1,
19,DOM-CUST,ZEXP,Sales office North,Mila,Delhi,Mila-Delhi,1,
20,DOM-CUST,ZEXP,Sales office North,Violet,Hyderābād,Violet-Hyderābād,1,
21,END-USE,ZEND,Sales office North,Penelope,Kolkāta,Penelope-Kolkāta,1,
22,END-USE,ZEND,Sales office North,Gianna,Mumbai,Gianna-Mumbai,1,
23,END-USE,ZEND,Sales office North,Aria,Lucknow,Aria-Lucknow,1,
24,END-USE,ZEND,Sales office North,Abigail,Jaipur,Abigail-Jaipur,1,
25,END-USE,ZEND,Sales office North,Ella,Delhi,Ella-Delhi,1,
26,END-USE,ZEND,Sales office North,Avery,Mumbai,Avery-Mumbai,1,
27,END-USE,ZEND,Sales office North,Hazel,Kolkāta,Hazel-Kolkāta,1,
28,END-USE,ZEND,Sales office North,Nora,Delhi,Nora-Delhi,1,
29,END-USE,ZEND,Sales office North,Layla,Hyderābād,Layla-Hyderābād,1,
30,END-USE,ZEND,Sales office North,Lily,Kolkāta,Lily-Kolkāta,1,
31,EXP-CONS,ZEND,Sales office North,Aurora,Mumbai,Aurora-Mumbai,1,
32,EXP-CONS,ZEND,Sales office North,Nova,Ahmedabad,Nova-Ahmedabad,1,
33,EXP-CONS,ZEND,Sales office North,Ellie,Sūrat,Ellie-Sūrat,1,
34,EXP-CONS,ZEND,Sales office North,Madison,Prayagraj,Madison-Prayagraj,1,
35,EXP-CONS,ZEND,Sales office North,Grace,Lucknow,Grace-Lucknow,1,
36,EXP-CONS,ZEND,Sales office North,Isla,Jaipur,Isla-Jaipur,1,
37,EXP-CONS,ZEND,Sales office North,Willow,Delhi,Willow-Delhi,1,
38,EXP-CONS,ZEND,Sales office North,Zoe,Hyderābād,Zoe-Hyderābād,1,
39,EXP-CONS,ZEND,Sales office North,Riley,Kolkāta,Riley-Kolkāta,1,
40,EXP-CONS,ZEND,Sales office North,Stella,Mumbai,Stella-Mumbai,1,
41,EXP-CUST,ZDOM,Sales office North,Eliana,Bangalore,Eliana-Bangalore,1,
42,EXP-CUST,ZDOM,Sales office North,Ivy,Chennai,Ivy-Chennai,1,
43,EXP-CUST,ZDOM,Sales office North,Victoria,Hyderābād,Victoria-Hyderābād,1,
44,EXP-CUST,ZDOM,Sales office North,Emilia,Pune,Emilia-Pune,1,
45,EXP-CUST,ZDOM,Sales office North,Zoey,Ahmedabad,Zoey-Ahmedabad,1,
46,EXP-CUST,ZDOM,Sales office North,Naomi,Delhi,Naomi-Delhi,1,
47,EXP-CUST,ZDOM,Sales office North,Hannah,Hyderābād,Hannah-Hyderābād,1,
48,EXP-CUST,ZDOM,Sales office North,Lucy,Kolkāta,Lucy-Kolkāta,1,
49,EXP-CUST,ZDOM,Sales office North,Elena,Mumbai,Elena-Mumbai,1,
50,EXP-CUST,ZDOM,Sales office North,Lillian,Delhi,Lillian-Delhi,1,
51,INTERDIV_CUST,ZDOM,Sales office North,Maya,Mumbai,Maya-Mumbai,1,
52,INTERDIV_CUST,ZDOM,Sales office North,Leah,Kolkāta,Leah-Kolkāta,1,
53,INTERDIV_CUST,ZDOM,Sales office North,Paisley,Bangalore,Paisley-Bangalore,1,
54,INTERDIV_CUST,ZDOM,Sales office North,Addison,Chennai,Addison-Chennai,1,
55,INTERDIV_CUST,ZDOM,Sales office North,Natalie,Delhi,Natalie-Delhi,1,
56,INTERDIV_CUST,ZDOM,Sales office North,Valentina,Hyderābād,Valentina-Hyderābād,1,
57,INTERDIV_CUST,ZDOM,Sales office North,Everly,Kolkāta,Everly-Kolkāta,1,
58,INTERDIV_CUST,ZDOM,Sales office North,Delilah,Mumbai,Delilah-Mumbai,1,
59,INTERDIV_CUST,ZDOM,Sales office North,Leilani,Prayagraj,Leilani-Prayagraj,1,
60,INTERDIV_CUST,ZDOM,Sales office North,Madelyn,Lucknow,Madelyn-Lucknow,1,
61,DOM-CONS,ZDOM,Sales office South,Kinsley,Jaipur,Kinsley-Jaipur,1,
62,DOM-CONS,ZEXP,Sales office South,Ruby,Delhi,Ruby-Delhi,1,
63,DOM-CONS,ZEXP,Sales office South,Sophie,Mumbai,Sophie-Mumbai,1,
64,DOM-CONS,ZEXP,Sales office South,Alice,Delhi,Alice-Delhi,1,
65,DOM-CONS,ZEXP,Sales office South,Genesis,Hyderābād,Genesis-Hyderābād,1,
66,DOM-CONS,ZEXP,Sales office South,Claire,Kolkāta,Claire-Kolkāta,1,
67,DOM-CONS,ZEXP,Sales office South,Audrey,Mumbai,Audrey-Mumbai,1,
68,DOM-CONS,ZEXP,Sales office South,Sadie,Pune,Sadie-Pune,1,
69,DOM-CONS,ZEXP,Sales office South,Aaliyah,Ahmedabad,Aaliyah-Ahmedabad,1,
70,DOM-CONS,ZEXP,Sales office South,Josephine,Sūrat,Josephine-Sūrat,1,
71,DOM-CUST,ZEXP,Sales office South,Autumn,Prayagraj,Autumn-Prayagraj,1,
72,DOM-CUST,ZEXP,Sales office South,Brooklyn,Lucknow,Brooklyn-Lucknow,1,
73,DOM-CUST,ZEXP,Sales office South,Quinn,Delhi,Quinn-Delhi,1,
74,DOM-CUST,ZEXP,Sales office South,Kennedy,Hyderābād,Kennedy-Hyderābād,1,
75,DOM-CUST,ZEXP,Sales office South,Cora,Kolkāta,Cora-Kolkāta,1,
76,DOM-CUST,ZEXP,Sales office South,Savannah,Mumbai,Savannah-Mumbai,1,
77,DOM-CUST,ZEXP,Sales office South,Caroline,Bangalore,Caroline-Bangalore,1,
78,DOM-CUST,ZEXP,Sales office South,Athena,Chennai,Athena-Chennai,1,
79,DOM-CUST,ZEXP,Sales office South,Natalia,Hyderābād,Natalia-Hyderābād,1,
80,DOM-CUST,ZEXP,Sales office South,Hailey,Pune,Hailey-Pune,1,
81,END-USE,ZEXP,Sales office South,Aubrey,Ahmedabad,Aubrey-Ahmedabad,1,
82,END-USE,ZEND,Sales office South,Emery,Delhi,Emery-Delhi,1,
83,END-USE,ZEND,Sales office South,Anna,Hyderābād,Anna-Hyderābād,1,
84,END-USE,ZEND,Sales office South,Iris,Kolkāta,Iris-Kolkāta,1,
85,END-USE,ZEND,Sales office South,Bella,Mumbai,Bella-Mumbai,1,
86,END-USE,ZEND,Sales office South,Eloise,Jaipur,Eloise-Jaipur,1,
87,END-USE,ZEND,Sales office South,Skylar,Delhi,Skylar-Delhi,1,
88,END-USE,ZEND,Sales office South,Jade,Mumbai,Jade-Mumbai,1,
89,END-USE,ZEND,Sales office South,Gabriella,Kolkāta,Gabriella-Kolkāta,1,
90,END-USE,ZEND,Sales office South,Ariana,Bangalore,Ariana-Bangalore,1,
91,EXP-CONS,ZEND,Sales office South,Maria,Delhi,Maria-Delhi,1,
92,EXP-CONS,ZEND,Sales office South,Adeline,Hyderābād,Adeline-Hyderābād,1,
93,EXP-CONS,ZEND,Sales office South,Lydia,Kolkāta,Lydia-Kolkāta,1,
94,EXP-CONS,ZEND,Sales office South,Sarah,Mumbai,Sarah-Mumbai,1,
95,EXP-CONS,ZEND,Sales office South,Nevaeh,Sūrat,Nevaeh-Sūrat,1,
96,EXP-CONS,ZEND,Sales office South,Serenity,Prayagraj,Serenity-Prayagraj,1,
97,EXP-CONS,ZEND,Sales office South,Liliana,Lucknow,Liliana-Lucknow,1,
98,EXP-CONS,ZEND,Sales office South,Ayla,Jaipur,Ayla-Jaipur,1,
99,EXP-CONS,ZEND,Sales office South,Everleigh,Jaipur,Everleigh-Jaipur,1,
100,EXP-CONS,ZEND,Sales office South,Raelynn,Delhi,Raelynn-Delhi,1,
101,EXP-CUST,ZEND,Sales office South,Allison,Delhi,Allison-Delhi,1,
102,EXP-CUST,ZDOM,Sales office South,Madeline,Hyderābād,Madeline-Hyderābād,1,
103,EXP-CUST,ZDOM,Sales office South,Vivian,Kolkāta,Vivian-Kolkāta,1,
104,EXP-CUST,ZDOM,Sales office South,Maeve,Mumbai,Maeve-Mumbai,1,
105,EXP-CUST,ZDOM,Sales office South,Lyla,Chennai,Lyla-Chennai,1,
106,EXP-CUST,ZDOM,Sales office South,Samantha,Hyderābād,Samantha-Hyderābād,1,
107,EXP-CUST,ZDOM,Sales office South,Rylee,Pune,Rylee-Pune,1,
108,EXP-CUST,ZDOM,Sales office South,Eva,Ahmedabad,Eva-Ahmedabad,1,
109,EXP-CUST,ZDOM,Sales office South,Melody,Sūrat,Melody-Sūrat,1,
110,EXP-CUST,ZDOM,Sales office South,Clara,Delhi,Clara-Delhi,1,
111,INTERDIV_CUST,ZDOM,Sales office South,Hadley,Hyderābād,Hadley-Hyderābād,1,
112,INTERDIV_CUST,ZDOM,Sales office South,Julia,Kolkāta,Julia-Kolkāta,1,
113,INTERDIV_CUST,ZDOM,Sales office South,Piper,Mumbai,Piper-Mumbai,1,
114,INTERDIV_CUST,ZDOM,Sales office South,Juniper,Mumbai,Juniper-Mumbai,1,
115,INTERDIV_CUST,ZDOM,Sales office South,Parker,Kolkāta,Parker-Kolkāta,1,
116,INTERDIV_CUST,ZDOM,Sales office South,Brielle,Bangalore,Brielle-Bangalore,1,
117,INTERDIV_CUST,ZDOM,Sales office South,Eden,Chennai,Eden-Chennai,1,
118,INTERDIV_CUST,ZDOM,Sales office South,Remi,Hyderābād,Remi-Hyderābād,1,
119,INTERDIV_CUST,ZDOM,Sales office South,Josie,Delhi,Josie-Delhi,1,
120,INTERDIV_CUST,ZDOM,Sales office East,Rose,Hyderābād,Rose-Hyderābād,1,
121,DOM-CONS,ZDOM,Sales office East,Arya,Kolkāta,Arya-Kolkāta,1,
122,DOM-CONS,ZDOM,Sales office East,Eliza,Mumbai,Eliza-Mumbai,1,
123,DOM-CONS,ZEXP,Sales office East,Charlie,Lucknow,Charlie-Lucknow,1,
124,DOM-CONS,ZEXP,Sales office East,Peyton,Jaipur,Peyton-Jaipur,1,
125,DOM-CONS,ZEXP,Sales office East,Daisy,Delhi,Daisy-Delhi,1,
126,DOM-CONS,ZEXP,Sales office East,Lucia,Mumbai,Lucia-Mumbai,1,
127,DOM-CONS,ZEXP,Sales office East,Millie,Kolkāta,Millie-Kolkāta,1,
128,DOM-CONS,ZEXP,Sales office East,Margaret,Delhi,Margaret-Delhi,1,
129,DOM-CONS,ZEXP,Sales office East,Freya,Hyderābād,Freya-Hyderābād,1,
130,DOM-CONS,ZEXP,Sales office East,Melanie,Kolkāta,Melanie-Kolkāta,1,
131,DOM-CUST,ZEXP,Sales office East,Elliana,Mumbai,Elliana-Mumbai,1,
132,DOM-CUST,ZEXP,Sales office East,Adalynn,Ahmedabad,Adalynn-Ahmedabad,1,
133,DOM-CUST,ZEXP,Sales office East,Alina,Sūrat,Alina-Sūrat,1,
134,DOM-CUST,ZEXP,Sales office East,Emersyn,Prayagraj,Emersyn-Prayagraj,1,
135,DOM-CUST,ZEXP,Sales office East,Sienna,Lucknow,Sienna-Lucknow,1,
136,DOM-CUST,ZEXP,Sales office East,Mary,Jaipur,Mary-Jaipur,1,
137,DOM-CUST,ZEXP,Sales office East,Isabelle,Delhi,Isabelle-Delhi,1,
138,DOM-CUST,ZEXP,Sales office East,Alaia,Hyderābād,Alaia-Hyderābād,1,
139,DOM-CUST,ZEXP,Sales office East,Esther,Kolkāta,Esther-Kolkāta,1,
140,DOM-CUST,ZEXP,Sales office East,Sloane,Mumbai,Sloane-Mumbai,1,
141,END-USE,ZEXP,Sales office East,Mackenzie,Bangalore,Mackenzie-Bangalore,1,
142,END-USE,ZEXP,Sales office East,Amara,Chennai,Amara-Chennai,1,
143,END-USE,ZEND,Sales office East,Ximena,Hyderābād,Ximena-Hyderābād,1,
144,END-USE,ZEND,Sales office East,Sage,Pune,Sage-Pune,1,
145,END-USE,ZEND,Sales office East,Cecilia,Ahmedabad,Cecilia-Ahmedabad,1,
146,END-USE,ZEND,Sales office East,Valeria,Delhi,Valeria-Delhi,1,
147,END-USE,ZEND,Sales office East,Reagan,Hyderābād,Reagan-Hyderābād,1,
148,END-USE,ZEND,Sales office East,Valerie,Kolkāta,Valerie-Kolkāta,1,
149,END-USE,ZEND,Sales office East,Catalina,Mumbai,Catalina-Mumbai,1,
150,END-USE,ZEND,Sales office East,River,Delhi,River-Delhi,1,
151,EXP-CONS,ZEND,Sales office East,Magnolia,Mumbai,Magnolia-Mumbai,1,
152,EXP-CONS,ZEND,Sales office East,Kehlani,Kolkāta,Kehlani-Kolkāta,1,
153,EXP-CONS,ZEND,Sales office East,Summer,Bangalore,Summer-Bangalore,1,
154,EXP-CONS,ZEND,Sales office East,Ashley,Chennai,Ashley-Chennai,1,
155,EXP-CONS,ZEND,Sales office East,Andrea,Delhi,Andrea-Delhi,1,
156,EXP-CONS,ZEND,Sales office East,Isabel,Hyderābād,Isabel-Hyderābād,1,
157,EXP-CONS,ZEND,Sales office East,Oakley,Kolkāta,Oakley-Kolkāta,1,
158,EXP-CONS,ZEND,Sales office East,Olive,Mumbai,Olive-Mumbai,1,
159,EXP-CONS,ZEND,Sales office East,Oaklynn,Prayagraj,Oaklynn-Prayagraj,1,
160,EXP-CONS,ZEND,Sales office East,Ember,Lucknow,Ember-Lucknow,1,
161,EXP-CUST,ZEND,Sales office East,Kaylee,Jaipur,Kaylee-Jaipur,1,
162,EXP-CUST,ZEND,Sales office East,Georgia,Delhi,Georgia-Delhi,1,
163,EXP-CUST,ZDOM,Sales office East,Juliette,Mumbai,Juliette-Mumbai,1,
164,EXP-CUST,ZDOM,Sales office East,Anastasia,Delhi,Anastasia-Delhi,1,
165,EXP-CUST,ZDOM,Sales office East,Genevieve,Hyderābād,Genevieve-Hyderābād,1,
166,EXP-CUST,ZDOM,Sales office East,Katherine,Kolkāta,Katherine-Kolkāta,1,
167,EXP-CUST,ZDOM,Sales office East,Blakely,Mumbai,Blakely-Mumbai,1,
168,EXP-CUST,ZDOM,Sales office East,Reese,Pune,Reese-Pune,1,
169,EXP-CUST,ZDOM,Sales office East,Amaya,Ahmedabad,Amaya-Ahmedabad,1,
170,EXP-CUST,ZDOM,Sales office East,Emerson,Sūrat,Emerson-Sūrat,1,
171,INTERDIV_CUST,ZDOM,Sales office East,Brianna,Prayagraj,Brianna-Prayagraj,1,
172,INTERDIV_CUST,ZDOM,Sales office East,June,Lucknow,June-Lucknow,1,
173,INTERDIV_CUST,ZDOM,Sales office East,Alani,Delhi,Alani-Delhi,1,
174,INTERDIV_CUST,ZDOM,Sales office East,Lainey,Hyderābād,Lainey-Hyderābād,1,
175,INTERDIV_CUST,ZDOM,Sales office East,Arianna,Kolkāta,Arianna-Kolkāta,1,
176,INTERDIV_CUST,ZDOM,Sales office East,Rosalie,Mumbai,Rosalie-Mumbai,1,
177,INTERDIV_CUST,ZDOM,Sales office East,Sara,Bangalore,Sara-Bangalore,1,
178,INTERDIV_CUST,ZDOM,Sales office East,Jasmine,Chennai,Jasmine-Chennai,1,
179,INTERDIV_CUST,ZDOM,Sales office East,Ruth,Hyderābād,Ruth-Hyderābād,1,
180,INTERDIV_CUST,ZDOM,Sales office west,Adalyn,Pune,Adalyn-Pune,1,
181,DOM-CONS,ZDOM,Sales office west,Ada,Ahmedabad,Ada-Ahmedabad,1,
182,DOM-CONS,ZDOM,Sales office west,Bailey,Delhi,Bailey-Delhi,1,
183,DOM-CONS,ZDOM,Sales office west,Ariella,Hyderābād,Ariella-Hyderābād,1,
184,DOM-CONS,ZEXP,Sales office west,Wren,Kolkāta,Wren-Kolkāta,1,
185,DOM-CONS,ZEXP,Sales office west,Myla,Mumbai,Myla-Mumbai,1,
186,DOM-CONS,ZEXP,Sales office west,Khloe,Jaipur,Khloe-Jaipur,1,
187,DOM-CONS,ZEXP,Sales office west,Callie,Delhi,Callie-Delhi,1,
188,DOM-CONS,ZEXP,Sales office west,Elsie,Mumbai,Elsie-Mumbai,1,
189,DOM-CONS,ZEXP,Sales office west,Alexandra,Kolkāta,Alexandra-Kolkāta,1,
190,DOM-CONS,ZEXP,Sales office west,Ryleigh,Bangalore,Ryleigh-Bangalore,1,
191,DOM-CUST,ZEXP,Sales office west,Faith,Delhi,Faith-Delhi,1,
192,DOM-CUST,ZEXP,Sales office west,Norah,Hyderābād,Norah-Hyderābād,1,
193,DOM-CUST,ZEXP,Sales office west,Margot,Kolkāta,Margot-Kolkāta,1,
194,DOM-CUST,ZEXP,Sales office west,Zuri,Mumbai,Zuri-Mumbai,1,
195,DOM-CUST,ZEXP,Sales office west,Journee,Sūrat,Journee-Sūrat,1,
196,DOM-CUST,ZEXP,Sales office west,Aspen,Prayagraj,Aspen-Prayagraj,1,
197,DOM-CUST,ZEXP,Sales office west,Gemma,Lucknow,Gemma-Lucknow,1,
198,DOM-CUST,ZEXP,Sales office west,Kylie,Jaipur,Kylie-Jaipur,1,
199,DOM-CUST,ZEXP,Sales office west,Molly,Jaipur,Molly-Jaipur,1,
200,DOM-CUST,ZEXP,Sales office west,Blake,Delhi,Blake-Delhi,1,
201,END-USE,ZEXP,Sales office west,Zara,Delhi,Zara-Delhi,1,
202,END-USE,ZEXP,Sales office west,Alaina,Hyderābād,Alaina-Hyderābād,1,
203,END-USE,ZEXP,Sales office west,Alana,Kolkāta,Alana-Kolkāta,1,
204,END-USE,ZEND,Sales office west,Brynlee,Mumbai,Brynlee-Mumbai,1,
205,END-USE,ZEND,Sales office west,Amy,Chennai,Amy-Chennai,1,
206,END-USE,ZEND,Sales office west,Annie,Hyderābād,Annie-Hyderābād,1,
207,END-USE,ZEND,Sales office west,Saylor,Pune,Saylor-Pune,1,
208,END-USE,ZEND,Sales office west,Ana,Ahmedabad,Ana-Ahmedabad,1,
209,END-USE,ZEND,Sales office west,Amira,Sūrat,Amira-Sūrat,1,
210,END-USE,ZEND,Sales office west,Kimberly,Delhi,Kimberly-Delhi,1,
211,EXP-CONS,ZEND,Sales office west,Noelle,Hyderābād,Noelle-Hyderābād,1,
212,EXP-CONS,ZEND,Sales office west,Kamila,Kolkāta,Kamila-Kolkāta,1,
213,EXP-CONS,ZEND,Sales office west,Morgan,Mumbai,Morgan-Mumbai,1,
214,EXP-CONS,ZEND,Sales office west,Phoebe,Mumbai,Phoebe-Mumbai,1,
215,EXP-CONS,ZEND,Sales office west,Harmony,Kolkāta,Harmony-Kolkāta,1,
216,EXP-CONS,ZEND,Sales office west,Sutton,Bangalore,Sutton-Bangalore,1,
217,EXP-CONS,ZEND,Sales office west,Taylor,Chennai,Taylor-Chennai,1,
218,EXP-CONS,ZEND,Sales office west,Finley,Hyderābād,Finley-Hyderābād,1,
219,EXP-CONS,ZEND,Sales office west,Lilah,Delhi,Lilah-Delhi,1,
220,EXP-CONS,ZEND,Sales office west,Juliana,Hyderābād,Juliana-Hyderābād,1,
221,EXP-CUST,ZEND,Sales office west,Lila,Kolkāta,Lila-Kolkāta,1,
222,EXP-CUST,ZEND,Sales office west,Londyn,Mumbai,Londyn-Mumbai,1,
223,EXP-CUST,ZEND,Sales office west,Kailani,Lucknow,Kailani-Lucknow,1,
224,EXP-CUST,ZDOM,Sales office west,Vera,Jaipur,Vera-Jaipur,1,
225,EXP-CUST,ZDOM,Sales office west,Kaia,Delhi,Kaia-Delhi,1,
226,EXP-CUST,ZDOM,Sales office west,Angela,Mumbai,Angela-Mumbai,1,
227,EXP-CUST,ZDOM,Sales office west,Hallie,Kolkāta,Hallie-Kolkāta,1,
228,EXP-CUST,ZDOM,Sales office west,Diana,Delhi,Diana-Delhi,1,
229,EXP-CUST,ZDOM,Sales office west,Lennon,Hyderābād,Lennon-Hyderābād,1,
230,EXP-CUST,ZDOM,Sales office west,Presley,Kolkāta,Presley-Kolkāta,1,
231,INTERDIV_CUST,ZDOM,Sales office west,Arabella,Mumbai,Arabella-Mumbai,1,
232,INTERDIV_CUST,ZDOM,Sales office west,Aliyah,Ahmedabad,Aliyah-Ahmedabad,1,
233,INTERDIV_CUST,ZDOM,Sales office west,Lilly,Sūrat,Lilly-Sūrat,1,
234,INTERDIV_CUST,ZDOM,Sales office west,Milani,Prayagraj,Milani-Prayagraj,1,
235,INTERDIV_CUST,ZDOM,Sales office west,Jordyn,Lucknow,Jordyn-Lucknow,1,
236,INTERDIV_CUST,ZDOM,Sales office west,Camille,Jaipur,Camille-Jaipur,1,
237,INTERDIV_CUST,ZDOM,Sales office west,Ariel,Delhi,Ariel-Delhi,1,
238,INTERDIV_CUST,ZDOM,Sales office west,Aubree,Hyderābād,Aubree-Hyderābād,1,
239,INTERDIV_CUST,ZDOM,Sales office west,Selena,Kolkāta,Selena-Kolkāta,1,
240,INTERDIV_CUST,ZDOM,Sales office DHQ,Sawyer,Mumbai,Sawyer-Mumbai,1,
241,DOM-CONS,ZDOM,Sales office DHQ,Nyla,Bangalore,Nyla-Bangalore,1,
242,DOM-CONS,ZDOM,Sales office DHQ,Delaney,Chennai,Delaney-Chennai,1,
243,DOM-CONS,ZDOM,Sales office DHQ,Mariana,Hyderābād,Mariana-Hyderābād,1,
244,DOM-CONS,ZDOM,Sales office DHQ,Rachel,Pune,Rachel-Pune,1,
245,DOM-CONS,ZEXP,Sales office DHQ,Adaline,Ahmedabad,Adaline-Ahmedabad,1,
246,DOM-CONS,ZEXP,Sales office DHQ,Leila,Delhi,Leila-Delhi,1,
247,DOM-CONS,ZEXP,Sales office DHQ,Collins,Hyderābād,Collins-Hyderābād,1,
248,DOM-CONS,ZEXP,Sales office DHQ,Lia,Kolkāta,Lia-Kolkāta,1,
249,DOM-CONS,ZEXP,Sales office DHQ,Octavia,Mumbai,Octavia-Mumbai,1,
250,DOM-CONS,ZEXP,Sales office DHQ,Kali,Delhi,Kali-Delhi,1,
251,DOM-CUST,ZEXP,Sales office DHQ,Lena,Mumbai,Lena-Mumbai,1,
252,DOM-CUST,ZEXP,Sales office DHQ,Kiara,Kolkāta,Kiara-Kolkāta,1,
253,DOM-CUST,ZEXP,Sales office DHQ,Kaylani,Bangalore,Kaylani-Bangalore,1,
254,DOM-CUST,ZEXP,Sales office DHQ,Elaina,Chennai,Elaina-Chennai,1,
255,DOM-CUST,ZEXP,Sales office DHQ,Daniela,Delhi,Daniela-Delhi,1,
256,DOM-CUST,ZEXP,Sales office DHQ,Leia,Hyderābād,Leia-Hyderābād,1,
257,DOM-CUST,ZEXP,Sales office DHQ,Gracie,Kolkāta,Gracie-Kolkāta,1,
258,DOM-CUST,ZEXP,Sales office DHQ,Dakota,Mumbai,Dakota-Mumbai,1,
259,DOM-CUST,ZEXP,Sales office DHQ,Elise,Prayagraj,Elise-Prayagraj,1,
260,DOM-CUST,ZEXP,Sales office DHQ,Hope,Lucknow,Hope-Lucknow,1,
261,END-USE,ZEXP,Sales office DHQ,Harlow,Jaipur,Harlow-Jaipur,1,
262,END-USE,ZEXP,Sales office DHQ,Lola,Delhi,Lola-Delhi,1,
263,END-USE,ZEXP,Sales office DHQ,Stevie,Mumbai,Stevie-Mumbai,1,
264,END-USE,ZEXP,Sales office DHQ,Malia,Delhi,Malia-Delhi,1,
265,END-USE,ZEND,Sales office DHQ,Miriam,Hyderābād,Miriam-Hyderābād,1,
266,END-USE,ZEND,Sales office DHQ,Alora,Kolkāta,Alora-Kolkāta,1,
267,END-USE,ZEND,Sales office DHQ,Gia,Mumbai,Gia-Mumbai,1,
268,END-USE,ZEND,Sales office DHQ,Evangeline,Pune,Evangeline-Pune,1,
269,END-USE,ZEND,Sales office DHQ,Brooke,Ahmedabad,Brooke-Ahmedabad,1,
270,END-USE,ZEND,Sales office DHQ,Lilith,Sūrat,Lilith-Sūrat,1,
271,EXP-CONS,ZEND,Sales office DHQ,Sydney,Prayagraj,Sydney-Prayagraj,1,
272,EXP-CONS,ZEND,Sales office DHQ,Ophelia,Lucknow,Ophelia-Lucknow,1,
273,EXP-CONS,ZEND,Sales office DHQ,Alayna,Delhi,Alayna-Delhi,1,
274,EXP-CONS,ZEND,Sales office DHQ,Tatum,Hyderābād,Tatum-Hyderābād,1,
275,EXP-CONS,ZEND,Sales office DHQ,Evie,Kolkāta,Evie-Kolkāta,1,
276,EXP-CONS,ZEND,Sales office DHQ,Rowan,Mumbai,Rowan-Mumbai,1,
277,EXP-CONS,ZEND,Sales office DHQ,Marley,Bangalore,Marley-Bangalore,1,
278,EXP-CONS,ZEND,Sales office DHQ,Daphne,Chennai,Daphne-Chennai,1,
279,EXP-CONS,ZEND,Sales office DHQ,Kayla,Hyderābād,Kayla-Hyderābād,1,
280,EXP-CONS,ZEND,Sales office DHQ,Dahlia,Pune,Dahlia-Pune,1,
281,EXP-CUST,ZEND,Sales office DHQ,Lucille,Ahmedabad,Lucille-Ahmedabad,1,
282,EXP-CUST,ZEND,Sales office DHQ,Blair,Delhi,Blair-Delhi,1,
283,EXP-CUST,ZEND,Sales office DHQ,Adelaide,Hyderābād,Adelaide-Hyderābād,1,
284,EXP-CUST,ZEND,Sales office DHQ,Wrenley,Kolkāta,Wrenley-Kolkāta,1,
285,EXP-CUST,ZDOM,Sales office DHQ,Haven,Mumbai,Haven-Mumbai,1,
286,EXP-CUST,ZDOM,Sales office DHQ,Teagan,Jaipur,Teagan-Jaipur,1,
287,EXP-CUST,ZDOM,Sales office DHQ,Adelyn,Delhi,Adelyn-Delhi,1,
288,EXP-CUST,ZDOM,Sales office DHQ,Alyssa,Mumbai,Alyssa-Mumbai,1,
289,EXP-CUST,ZDOM,Sales office DHQ,Payton,Kolkāta,Payton-Kolkāta,1,
290,EXP-CUST,ZDOM,Sales office DHQ,Jane,Bangalore,Jane-Bangalore,1,
291,INTERDIV_CUST,ZDOM,Sales office DHQ,Mckenna,Delhi,Mckenna-Delhi,1,
292,INTERDIV_CUST,ZDOM,Sales office DHQ,Celeste,Hyderābād,Celeste-Hyderābād,1,
293,INTERDIV_CUST,ZDOM,Sales office DHQ,Juliet,Kolkāta,Juliet-Kolkāta,1,
294,INTERDIV_CUST,ZDOM,Sales office DHQ,Palmer,Mumbai,Palmer-Mumbai,1,
295,INTERDIV_CUST,ZDOM,Sales office DHQ,Maggie,Sūrat,Maggie-Sūrat,1,
296,INTERDIV_CUST,ZDOM,Sales office DHQ,Rebecca,Prayagraj,Rebecca-Prayagraj,1,
297,INTERDIV_CUST,ZDOM,Sales office DHQ,London,Lucknow,London-Lucknow,1,
298,INTERDIV_CUST,ZDOM,Sales office DHQ,Noa,Jaipur,Noa-Jaipur,1,
299,INTERDIV_CUST,ZDOM,Sales office DHQ,Samara,Jaipur,Samara-Jaipur,1,
300,INTERDIV_CUST,ZDOM,Sales office DHQ,Thea,Delhi,Thea-Delhi,1,
301,DOM-CONS,ZDOM,Saeles office AP,Kendall,Delhi,Kendall-Delhi,1,
302,DOM-CONS,ZDOM,Saeles office AP,Mya,Hyderābād,Mya-Hyderābād,1,
303,DOM-CONS,ZDOM,Saeles office AP,Talia,Kolkāta,Talia-Kolkāta,1,
304,DOM-CONS,ZDOM,Saeles office AP,Winter,Mumbai,Winter-Mumbai,1,
305,DOM-CONS,ZDOM,Saeles office AP,Angelina,Chennai,Angelina-Chennai,1,
306,DOM-CONS,ZEXP,Saeles office AP,Vivienne,Hyderābād,Vivienne-Hyderābād,1,
307,DOM-CONS,ZEXP,Saeles office AP,Esme,Pune,Esme-Pune,1,
308,DOM-CONS,ZEXP,Saeles office AP,Laila,Ahmedabad,Laila-Ahmedabad,1,
309,DOM-CONS,ZEXP,Saeles office AP,Nina,Sūrat,Nina-Sūrat,1,
310,DOM-CONS,ZEXP,Saeles office AP,Trinity,Delhi,Trinity-Delhi,1,
311,DOM-CUST,ZEXP,Saeles office AP,Vanessa,Hyderābād,Vanessa-Hyderābād,1,
312,DOM-CUST,ZEXP,Saeles office AP,Mabel,Kolkāta,Mabel-Kolkāta,1,
313,DOM-CUST,ZEXP,Saeles office AP,Camilla,Mumbai,Camilla-Mumbai,1,
314,DOM-CUST,ZEXP,Saeles office AP,Jocelyn,Mumbai,Jocelyn-Mumbai,1,
315,DOM-CUST,ZEXP,Saeles office AP,Journey,Kolkāta,Journey-Kolkāta,1,
316,DOM-CUST,ZEXP,Saeles office AP,Paige,Bangalore,Paige-Bangalore,1,
317,DOM-CUST,ZEXP,Saeles office AP,Phoenix,Chennai,Phoenix-Chennai,1,
318,DOM-CUST,ZEXP,Saeles office AP,Amina,Hyderābād,Amina-Hyderābād,1,
319,DOM-CUST,ZEXP,Saeles office AP,Alivia,Delhi,Alivia-Delhi,1,
320,DOM-CUST,ZEXP,Saeles office AP,Amari,Hyderābād,Amari-Hyderābād,1,
321,END-USE,ZEXP,Saeles office AP,Joanna,Kolkāta,Joanna-Kolkāta,1,
322,END-USE,ZEXP,Saeles office AP,Nicole,Mumbai,Nicole-Mumbai,1,
323,END-USE,ZEXP,Saeles office AP,Annabelle,Lucknow,Annabelle-Lucknow,1,
324,END-USE,ZEXP,Saeles office AP,Raegan,Jaipur,Raegan-Jaipur,1,
325,END-USE,ZEXP,Saeles office AP,Aitana,Delhi,Aitana-Delhi,1,
326,END-USE,ZEND,Saeles office AP,Julianna,Mumbai,Julianna-Mumbai,1,
327,END-USE,ZEND,Saeles office AP,Lauren,Kolkāta,Lauren-Kolkāta,1,
328,END-USE,ZEND,Saeles office AP,Catherine,Delhi,Catherine-Delhi,1,
329,END-USE,ZEND,Saeles office AP,Adriana,Hyderābād,Adriana-Hyderābād,1,
330,END-USE,ZEND,Saeles office AP,Madilyn,Kolkāta,Madilyn-Kolkāta,1,
331,EXP-CONS,ZEND,Saeles office AP,Harley,Mumbai,Harley-Mumbai,1,
332,EXP-CONS,ZEND,Saeles office AP,Tessa,Ahmedabad,Tessa-Ahmedabad,1,
333,EXP-CONS,ZEND,Saeles office AP,Evelynn,Sūrat,Evelynn-Sūrat,1,
334,EXP-CONS,ZEND,Saeles office AP,Elianna,Prayagraj,Elianna-Prayagraj,1,
335,EXP-CONS,ZEND,Saeles office AP,Rory,Lucknow,Rory-Lucknow,1,
336,EXP-CONS,ZEND,Saeles office AP,Dream,Jaipur,Dream-Jaipur,1,
337,EXP-CONS,ZEND,Saeles office AP,Nayeli,Delhi,Nayeli-Delhi,1,
338,EXP-CONS,ZEND,Saeles office AP,Poppy,Hyderābād,Poppy-Hyderābād,1,
339,EXP-CONS,ZEND,Saeles office AP,Gabriela,Kolkāta,Gabriela-Kolkāta,1,
340,EXP-CONS,ZEND,Saeles office AP,Jayla,Mumbai,Jayla-Mumbai,1,
341,EXP-CUST,ZEND,Saeles office AP,Cataleya,Bangalore,Cataleya-Bangalore,1,
342,EXP-CUST,ZEND,Saeles office AP,Celine,Chennai,Celine-Chennai,1,
343,EXP-CUST,ZEND,Saeles office AP,Hayden,Hyderābād,Hayden-Hyderābād,1,
344,EXP-CUST,ZEND,Saeles office AP,Shiloh,Pune,Shiloh-Pune,1,
345,EXP-CUST,ZEND,Saeles office AP,Mariah,Ahmedabad,Mariah-Ahmedabad,1,
346,EXP-CUST,ZDOM,Saeles office AP,Charlee,Delhi,Charlee-Delhi,1,
347,EXP-CUST,ZDOM,Saeles office AP,Maisie,Hyderābād,Maisie-Hyderābād,1,
348,EXP-CUST,ZDOM,Saeles office AP,Regina,Kolkāta,Regina-Kolkāta,1,
349,EXP-CUST,ZDOM,Saeles office AP,Adelynn,Mumbai,Adelynn-Mumbai,1,
350,EXP-CUST,ZDOM,Saeles office AP,Briella,Delhi,Briella-Delhi,1,
351,INTERDIV_CUST,ZDOM,Saeles office AP,Giselle,Mumbai,Giselle-Mumbai,1,
352,INTERDIV_CUST,ZDOM,Saeles office AP,Fatima,Kolkāta,Fatima-Kolkāta,1,
353,INTERDIV_CUST,ZDOM,Saeles office AP,Danna,Bangalore,Danna-Bangalore,1,
354,INTERDIV_CUST,ZDOM,Saeles office AP,Alessia,Chennai,Alessia-Chennai,1,
355,INTERDIV_CUST,ZDOM,Saeles office AP,Mckenzie,Delhi,Mckenzie-Delhi,1,
356,INTERDIV_CUST,ZDOM,Saeles office AP,Wynter,Hyderābād,Wynter-Hyderābād,1,
357,INTERDIV_CUST,ZDOM,Saeles office AP,Fiona,Kolkāta,Fiona-Kolkāta,1,
358,INTERDIV_CUST,ZDOM,Saeles office AP,Brooklynn,Mumbai,Brooklynn-Mumbai,1,
359,INTERDIV_CUST,ZDOM,Saeles office AP,Gracelynn,Prayagraj,Gracelynn-Prayagraj,1,
360,INTERDIV_CUST,ZDOM,Saeles office AP,Luciana,Lucknow,Luciana-Lucknow,1,
361,DOM-CONS,ZDOM,Sales office corporate,Alexis,Jaipur,Alexis-Jaipur,1,
362,DOM-CONS,ZDOM,Sales office corporate,Everlee,Delhi,Everlee-Delhi,1,
363,DOM-CONS,ZDOM,Sales office corporate,Laura,Mumbai,Laura-Mumbai,1,
364,DOM-CONS,ZDOM,Sales office corporate,Selah,Delhi,Selah-Delhi,1,
365,DOM-CONS,ZDOM,Sales office corporate,Reign,Hyderābād,Reign-Hyderābād,1,
366,DOM-CONS,ZDOM,Sales office corporate,Alayah,Kolkāta,Alayah-Kolkāta,1,
367,DOM-CONS,ZEXP,Sales office corporate,Rosemary,Mumbai,Rosemary-Mumbai,1,
368,DOM-CONS,ZEXP,Sales office corporate,Lilliana,Pune,Lilliana-Pune,1,
369,DOM-CONS,ZEXP,Sales office corporate,Ariyah,Ahmedabad,Ariyah-Ahmedabad,1,
370,DOM-CONS,ZEXP,Sales office corporate,Heidi,Sūrat,Heidi-Sūrat,1,
371,DOM-CUST,ZEXP,Sales office corporate,Esmeralda,Prayagraj,Esmeralda-Prayagraj,1,
372,DOM-CUST,ZEXP,Sales office corporate,Logan,Lucknow,Logan-Lucknow,1,
373,DOM-CUST,ZEXP,Sales office corporate,Amora,Delhi,Amora-Delhi,1,
374,DOM-CUST,ZEXP,Sales office corporate,Kalani,Hyderābād,Kalani-Hyderābād,1,
375,DOM-CUST,ZEXP,Sales office corporate,Leighton,Kolkāta,Leighton-Kolkāta,1,
376,DOM-CUST,ZEXP,Sales office corporate,Cali,Mumbai,Cali-Mumbai,1,
377,DOM-CUST,ZEXP,Sales office corporate,Melissa,Bangalore,Melissa-Bangalore,1,
378,DOM-CUST,ZEXP,Sales office corporate,Aniyah,Chennai,Aniyah-Chennai,1,
379,DOM-CUST,ZEXP,Sales office corporate,Izabella,Hyderābād,Izabella-Hyderābād,1,
380,DOM-CUST,ZEXP,Sales office corporate,Michelle,Pune,Michelle-Pune,1,
381,END-USE,ZEXP,Sales office corporate,Raelyn,Ahmedabad,Raelyn-Ahmedabad,1,
382,END-USE,ZEXP,Sales office corporate,Alessandra,Delhi,Alessandra-Delhi,1,
383,END-USE,ZEXP,Sales office corporate,Viviana,Hyderābād,Viviana-Hyderābād,1,
384,END-USE,ZEXP,Sales office corporate,Madeleine,Kolkāta,Madeleine-Kolkāta,1,
385,END-USE,ZEXP,Sales office corporate,Arielle,Mumbai,Arielle-Mumbai,1,
386,END-USE,ZEXP,Sales office corporate,Serena,Jaipur,Serena-Jaipur,1,
387,END-USE,ZEND,Sales office corporate,Francesca,Delhi,Francesca-Delhi,1,
388,END-USE,ZEND,Sales office corporate,Brynn,Mumbai,Brynn-Mumbai,1,
389,END-USE,ZEND,Sales office corporate,Gwendolyn,Kolkāta,Gwendolyn-Kolkāta,1,
390,END-USE,ZEND,Sales office corporate,Kira,Bangalore,Kira-Bangalore,1,
391,EXP-CONS,ZEND,Sales office corporate,Destiny,Delhi,Destiny-Delhi,1,
392,EXP-CONS,ZEND,Sales office corporate,Elle,Hyderābād,Elle-Hyderābād,1,
393,EXP-CONS,ZEND,Sales office corporate,Makayla,Kolkāta,Makayla-Kolkāta,1,
394,EXP-CONS,ZEND,Sales office corporate,Alaya,Mumbai,Alaya-Mumbai,1,
395,EXP-CONS,ZEND,Sales office corporate,Malani,Sūrat,Malani-Sūrat,1,
396,EXP-CONS,ZEND,Sales office corporate,Willa,Prayagraj,Willa-Prayagraj,1,
397,EXP-CONS,ZEND,Sales office corporate,Saige,Lucknow,Saige-Lucknow,1,
398,EXP-CONS,ZEND,Sales office corporate,Makenna,Jaipur,Makenna-Jaipur,1,
399,EXP-CONS,ZEND,Sales office corporate,Remington,Jaipur,Remington-Jaipur,1,
400,EXP-CONS,ZEND,Sales office corporate,Demi,Delhi,Demi-Delhi,1,
401,EXP-CUST,ZEND,Sales office corporate,Adelina,Delhi,Adelina-Delhi,1,
402,EXP-CUST,ZEND,Sales office corporate,Raya,Hyderābād,Raya-Hyderābād,1,
403,EXP-CUST,ZEND,Sales office corporate,Astrid,Kolkāta,Astrid-Kolkāta,1,
404,EXP-CUST,ZEND,Sales office corporate,Azalea,Mumbai,Azalea-Mumbai,1,
405,EXP-CUST,ZEND,Sales office corporate,Veronica,Chennai,Veronica-Chennai,1,
406,EXP-CUST,ZEND,Sales office corporate,Meadow,Hyderābād,Meadow-Hyderābād,1,
407,EXP-CUST,ZDOM,Sales office corporate,Anaya,Pune,Anaya-Pune,1,
408,EXP-CUST,ZDOM,Sales office corporate,Elisa,Ahmedabad,Elisa-Ahmedabad,1,
409,EXP-CUST,ZDOM,Sales office corporate,Raven,Sūrat,Raven-Sūrat,1,
410,EXP-CUST,ZDOM,Sales office corporate,Alexandria,Delhi,Alexandria-Delhi,1,
411,INTERDIV_CUST,ZDOM,Sales office corporate,Hattie,Hyderābād,Hattie-Hyderābād,1,
412,INTERDIV_CUST,ZDOM,Sales office corporate,Alicia,Kolkāta,Alicia-Kolkāta,1,
413,INTERDIV_CUST,ZDOM,Sales office corporate,Sabrina,Mumbai,Sabrina-Mumbai,1,
414,INTERDIV_CUST,ZDOM,Sales office corporate,Gracelyn,Mumbai,Gracelyn-Mumbai,1,
415,INTERDIV_CUST,ZDOM,Sales office corporate,Matilda,Kolkāta,Matilda-Kolkāta,1,
416,INTERDIV_CUST,ZDOM,Sales office corporate,Skye,Bangalore,Skye-Bangalore,1,
417,INTERDIV_CUST,ZDOM,Sales office corporate,Annalise,Chennai,Annalise-Chennai,1,
418,INTERDIV_CUST,ZDOM,Sales office corporate,Frances,Hyderābād,Frances-Hyderābād,1,
419,INTERDIV_CUST,ZDOM,Sales office corporate,Miracle,Delhi,Miracle-Delhi,1,
420,INTERDIV_CUST,ZDOM,Sales office corporate,Maia,Hyderābād,Maia-Hyderābād,1,
421,DOM-CONS,ZDOM,Sales office export,Helen,Kolkāta,Helen-Kolkāta,1,
422,DOM-CONS,ZDOM,Sales office export,Lana,Mumbai,Lana-Mumbai,1,
423,DOM-CONS,ZDOM,Sales office export,Daleyza,Lucknow,Daleyza-Lucknow,1,
424,DOM-CONS,ZDOM,Sales office export,Rosie,Jaipur,Rosie-Jaipur,1,
425,DOM-CONS,ZDOM,Sales office export,Charli,Delhi,Charli-Delhi,1,
426,DOM-CONS,ZDOM,Sales office export,Bianca,Mumbai,Bianca-Mumbai,1,
427,DOM-CONS,ZDOM,Sales office export,Royalty,Kolkāta,Royalty-Kolkāta,1,
428,DOM-CONS,ZEXP,Sales office export,Sarai,Delhi,Sarai-Delhi,1,
429,DOM-CONS,ZEXP,Sales office export,Amiyah,Hyderābād,Amiyah-Hyderābād,1,
430,DOM-CONS,ZEXP,Sales office export,Nylah,Kolkāta,Nylah-Kolkāta,1,
431,DOM-CUST,ZEXP,Sales office export,Aylin,Mumbai,Aylin-Mumbai,1,
432,DOM-CUST,ZEXP,Sales office export,Maryam,Ahmedabad,Maryam-Ahmedabad,1,
433,DOM-CUST,ZEXP,Sales office export,Scarlet,Sūrat,Scarlet-Sūrat,1,
434,DOM-CUST,ZEXP,Sales office export,Antonella,Prayagraj,Antonella-Prayagraj,1,
435,DOM-CUST,ZEXP,Sales office export,Sylvia,Lucknow,Sylvia-Lucknow,1,
436,DOM-CUST,ZEXP,Sales office export,Sylvie,Jaipur,Sylvie-Jaipur,1,
437,DOM-CUST,ZEXP,Sales office export,Nadia,Delhi,Nadia-Delhi,1,
438,DOM-CUST,ZEXP,Sales office export,Ari,Hyderābād,Ari-Hyderābād,1,
439,DOM-CUST,ZEXP,Sales office export,Lexi,Kolkāta,Lexi-Kolkāta,1,
440,DOM-CUST,ZEXP,Sales office export,Mylah,Mumbai,Mylah-Mumbai,1,
441,END-USE,ZEXP,Sales office export,Julieta,Bangalore,Julieta-Bangalore,1,
442,END-USE,ZEXP,Sales office export,Lorelei,Chennai,Lorelei-Chennai,1,
443,END-USE,ZEXP,Sales office export,Avianna,Hyderābād,Avianna-Hyderābād,1,
444,END-USE,ZEXP,Sales office export,Armani,Pune,Armani-Pune,1,
445,END-USE,ZEXP,Sales office export,Camryn,Ahmedabad,Camryn-Ahmedabad,1,
446,END-USE,ZEXP,Sales office export,Emely,Delhi,Emely-Delhi,1,
447,END-USE,ZEXP,Sales office export,Rylie,Hyderābād,Rylie-Hyderābād,1,
448,END-USE,ZEND,Sales office export,Colette,Kolkāta,Colette-Kolkāta,1,
449,END-USE,ZEND,Sales office export,Daniella,Mumbai,Daniella-Mumbai,1,
450,END-USE,ZEND,Sales office export,Liana,Delhi,Liana-Delhi,1,
451,EXP-CONS,ZEND,Sales office export,Brinley,Mumbai,Brinley-Mumbai,1,
452,EXP-CONS,ZEND,Sales office export,Kate,Kolkāta,Kate-Kolkāta,1,
453,EXP-CONS,ZEND,Sales office export,Salem,Bangalore,Salem-Bangalore,1,
454,EXP-CONS,ZEND,Sales office export,Marlee,Chennai,Marlee-Chennai,1,
455,EXP-CONS,ZEND,Sales office export,Alison,Delhi,Alison-Delhi,1,
456,EXP-CONS,ZEND,Sales office export,Carmen,Hyderābād,Carmen-Hyderābād,1,
457,EXP-CONS,ZEND,Sales office export,Felicity,Kolkāta,Felicity-Kolkāta,1,
458,EXP-CONS,ZEND,Sales office export,Fernanda,Mumbai,Fernanda-Mumbai,1,
459,EXP-CONS,ZEND,Sales office export,Holly,Prayagraj,Holly-Prayagraj,1,
460,EXP-CONS,ZEND,Sales office export,Ariah,Lucknow,Ariah-Lucknow,1,
461,EXP-CUST,ZEND,Sales office export,Aisha,Jaipur,Aisha-Jaipur,1,
462,EXP-CUST,ZEND,Sales office export,Kora,Delhi,Kora-Delhi,1,
463,EXP-CUST,ZEND,Sales office export,Amanda,Mumbai,Amanda-Mumbai,1,
464,EXP-CUST,ZEND,Sales office export,Ailani,Delhi,Ailani-Delhi,1,
465,EXP-CUST,ZEND,Sales office export,Elaine,Hyderābād,Elaine-Hyderābād,1,
466,EXP-CUST,ZEND,Sales office export,Emory,Kolkāta,Emory-Kolkāta,1,
467,EXP-CUST,ZEND,Sales office export,Joy,Mumbai,Joy-Mumbai,1,
468,EXP-CUST,ZDOM,Sales office export,Oaklee,Pune,Oaklee-Pune,1,
469,EXP-CUST,ZDOM,Sales office export,Lyric,Ahmedabad,Lyric-Ahmedabad,1,
470,EXP-CUST,ZDOM,Sales office export,Madelynn,Sūrat,Madelynn-Sūrat,1,
471,INTERDIV_CUST,ZDOM,Sales office export,Haisley,Prayagraj,Haisley-Prayagraj,1,
472,INTERDIV_CUST,ZDOM,Sales office export,Allie,Lucknow,Allie-Lucknow,1,
473,INTERDIV_CUST,ZDOM,Sales office export,Helena,Delhi,Helena-Delhi,1,
474,INTERDIV_CUST,ZDOM,Sales office export,Danielle,Hyderābād,Danielle-Hyderābād,1,
475,INTERDIV_CUST,ZDOM,Sales office export,Katalina,Kolkāta,Katalina-Kolkāta,1,
476,INTERDIV_CUST,ZDOM,Sales office export,Carolina,Mumbai,Carolina-Mumbai,1,
477,INTERDIV_CUST,ZDOM,Sales office export,Zariah,Bangalore,Zariah-Bangalore,1,
478,INTERDIV_CUST,ZDOM,Sales office export,Navy,Chennai,Navy-Chennai,1,
479,INTERDIV_CUST,ZDOM,Sales office export,Cassidy,Hyderābād,Cassidy-Hyderābād,1,
480,INTERDIV_CUST,ZDOM,Sales office export,Lorelai,Pune,Lorelai-Pune,1,
481,DOM-CONS,ZDOM,Sales office NAC,Stephanie,Ahmedabad,Stephanie-Ahmedabad,1,
482,DOM-CONS,ZDOM,Sales office NAC,Alma,Delhi,Alma-Delhi,1,
483,DOM-CONS,ZDOM,Sales office NAC,Mira,Hyderābād,Mira-Hyderābād,1,
484,DOM-CONS,ZDOM,Sales office NAC,Legacy,Kolkāta,Legacy-Kolkāta,1,
485,DOM-CONS,ZDOM,Sales office NAC,Jolene,Mumbai,Jolene-Mumbai,1,
486,DOM-CONS,ZDOM,Sales office NAC,Anya,Jaipur,Anya-Jaipur,1,
487,DOM-CONS,ZDOM,Sales office NAC,Dorothy,Delhi,Dorothy-Delhi,1,
488,DOM-CONS,ZDOM,Sales office NAC,Paris,Mumbai,Paris-Mumbai,1,
489,DOM-CONS,ZEXP,Sales office NAC,Yaretzi,Kolkāta,Yaretzi-Kolkāta,1,
490,DOM-CONS,ZEXP,Sales office NAC,Aurelia,Bangalore,Aurelia-Bangalore,1,
491,DOM-CUST,ZEXP,Sales office NAC,Maddison,Delhi,Maddison-Delhi,1,
492,DOM-CUST,ZEXP,Sales office NAC,Renata,Hyderābād,Renata-Hyderābād,1,
493,DOM-CUST,ZEXP,Sales office NAC,Jimena,Kolkāta,Jimena-Kolkāta,1,
494,DOM-CUST,ZEXP,Sales office NAC,Xiomara,Mumbai,Xiomara-Mumbai,1,
495,DOM-CUST,ZEXP,Sales office NAC,Itzel,Sūrat,Itzel-Sūrat,1,
496,DOM-CUST,ZEXP,Sales office NAC,Heaven,Prayagraj,Heaven-Prayagraj,1,
497,DOM-CUST,ZEXP,Sales office NAC,Lyra,Lucknow,Lyra-Lucknow,1,
498,DOM-CUST,ZEXP,Sales office NAC,Estella,Jaipur,Estella-Jaipur,1,
499,DOM-CUST,ZEXP,Sales office NAC,Gabrielle,Jaipur,Gabrielle-Jaipur,1,
500,DOM-CUST,ZEXP,Sales office NAC,Maren,Delhi,Maren-Delhi,1,
501,END-USE,ZEXP,Sales office NAC,Jacqueline,Delhi,Jacqueline-Delhi,1,
502,END-USE,ZEXP,Sales office NAC,Jennifer,Hyderābād,Jennifer-Hyderābād,1,
503,END-USE,ZEXP,Sales office NAC,Imani,Kolkāta,Imani-Kolkāta,1,
504,END-USE,ZEXP,Sales office NAC,Jordan,Mumbai,Jordan-Mumbai,1,
505,END-USE,ZEXP,Sales office NAC,Paislee,Chennai,Paislee-Chennai,1,
506,END-USE,ZEXP,Sales office NAC,Ainsley,Hyderābād,Ainsley-Hyderābād,1,
507,END-USE,ZEXP,Sales office NAC,Emmy,Pune,Emmy-Pune,1,
508,END-USE,ZEXP,Sales office NAC,Jessica,Ahmedabad,Jessica-Ahmedabad,1,
509,END-USE,ZEND,Sales office NAC,Alondra,Sūrat,Alondra-Sūrat,1,
510,END-USE,ZEND,Sales office NAC,Mae,Delhi,Mae-Delhi,1,
511,EXP-CONS,ZEND,Sales office NAC,Makenzie,Hyderābād,Makenzie-Hyderābād,1,
512,EXP-CONS,ZEND,Sales office NAC,Bristol,Kolkāta,Bristol-Kolkāta,1,
513,EXP-CONS,ZEND,Sales office NAC,Edith,Mumbai,Edith-Mumbai,1,
514,EXP-CONS,ZEND,Sales office NAC,Cameron,Mumbai,Cameron-Mumbai,1,
515,EXP-CONS,ZEND,Sales office NAC,Elora,Kolkāta,Elora-Kolkāta,1,
516,EXP-CONS,ZEND,Sales office NAC,Jazlyn,Bangalore,Jazlyn-Bangalore,1,
517,EXP-CONS,ZEND,Sales office NAC,Averie,Chennai,Averie-Chennai,1,
518,EXP-CONS,ZEND,Sales office NAC,Ivory,Hyderābād,Ivory-Hyderābād,1,
519,EXP-CONS,ZEND,Sales office NAC,Kenzie,Delhi,Kenzie-Delhi,1,
520,EXP-CONS,ZEND,Sales office NAC,Emelia,Hyderābād,Emelia-Hyderābād,1,
521,EXP-CUST,ZEND,Sales office NAC,Angel,Kolkāta,Angel-Kolkāta,1,
522,EXP-CUST,ZEND,Sales office NAC,Cecelia,Mumbai,Cecelia-Mumbai,1,
523,EXP-CUST,ZEND,Sales office NAC,Maliyah,Lucknow,Maliyah-Lucknow,1,
524,EXP-CUST,ZEND,Sales office NAC,Oakleigh,Jaipur,Oakleigh-Jaipur,1,
525,EXP-CUST,ZEND,Sales office NAC,Opal,Delhi,Opal-Delhi,1,
526,EXP-CUST,ZEND,Sales office NAC,Oaklyn,Mumbai,Oaklyn-Mumbai,1,
527,EXP-CUST,ZEND,Sales office NAC,Kinley,Kolkāta,Kinley-Kolkāta,1,
528,EXP-CUST,ZEND,Sales office NAC,Kayleigh,Delhi,Kayleigh-Delhi,1,
529,EXP-CUST,ZDOM,Sales office NAC,Bonnie,Hyderābād,Bonnie-Hyderābād,1,
530,EXP-CUST,ZDOM,Sales office NAC,April,Kolkāta,April-Kolkāta,1,
531,INTERDIV_CUST,ZDOM,Sales office NAC,Kamryn,Mumbai,Kamryn-Mumbai,1,
532,INTERDIV_CUST,ZDOM,Sales office NAC,Mallory,Ahmedabad,Mallory-Ahmedabad,1,
533,INTERDIV_CUST,ZDOM,Sales office NAC,Briar,Sūrat,Briar-Sūrat,1,
534,INTERDIV_CUST,ZDOM,Sales office NAC,Leona,Prayagraj,Leona-Prayagraj,1,
535,INTERDIV_CUST,ZDOM,Sales office NAC,Keira,Lucknow,Keira-Lucknow,1,
536,INTERDIV_CUST,ZDOM,Sales office NAC,Alexa,Jaipur,Alexa-Jaipur,1,
537,INTERDIV_CUST,ZDOM,Sales office NAC,Macie,Delhi,Macie-Delhi,1,
538,INTERDIV_CUST,ZDOM,Sales office NAC,Ariya,Hyderābād,Ariya-Hyderābād,1,
539,INTERDIV_CUST,ZDOM,Sales office NAC,Briana,Kolkāta,Briana-Kolkāta,1,
540,INTERDIV_CUST,ZDOM,Sales office NAC,Virginia,Mumbai,Virginia-Mumbai,1,